<meta>
	<info author="Maxime - OwlGaming MTA Scripting Team" type="script" description="Resources required for other systems to run."/>

	<file src="OGLogo.png"/>
	<file src="BizNote.ttf"/>
	<file src="inv_close.mp3"/>
	<file src="inv_open.mp3"/>
	<file src="inv_toggle.mp3"/>
	<file src="item_drop.mp3"/>
	<file src="hb_on.mp3"/>
	<file src="hb_off.mp3"/>
	<file src="nametags0.ttf"/>
	<file src="nametags1.ttf"/>
	<file src="nametags2.ttf"/>
	<file src="panel_tooltip.ttf"/>
	<file src="toggle.mp3"/>
	<file src="loading.jpg"/>
	<file src="window_title.jpg"/>
	<file src="window_body.jpg"/>
	<file src="window_body.png"/>
	<file src="window_title.png"/>
	<file src="selectionScreenID24.jpg"/>
	<file src="selectionScreenID25.jpg"/>
	<file src="selectionScreenID26.jpg"/>
	<file src="cartwheel.otf"/>
	
	<file src="fonts/OPAL.ttf"/>
	<file src="fonts/SF-Pro-Display-Medium.otf"/>
	
	<file src="fonts/FreeSansBold.otf"/>
	<file src="fonts/FreeSans.otf"/>
	
	<file src="fonts/ThermalPrinter.ttf" />
    <file src="fonts/counter2.ttf" />
    <file src="fonts/counter.ttf" />
    <file src="fonts/CourierNew.ttf" />
    <file src="fonts/VT323.ttf" />
    <file src="fonts/hand.otf" />
    <file src="fonts/ocr.ttf" />
    <file src="fonts/CapitalDaren.ttf" />
    <file src="fonts/OpenSans-Light.ttf" />
    <file src="fonts/OpenSans-Regular.ttf" />
    <file src="fonts/ChaletLondon1960.ttf" />
    <file src="fonts/FontAwesome.ttf" />
    <file src="fonts/SARP.ttf" />
    <file src="fonts/metro.ttf" />
    <file src="fonts/Themify.ttf" />
    <file src="fonts/LicensePlate.ttf" />
    <file src="fonts/gtaFont2.ttf" />
    <file src="fonts/LEDCalculator.ttf" />
    <file src="fonts/gtaFont.ttf" />
    <file src="fonts/chaletcomprime.ttf" />
    <file src="fonts/lunabar.ttf" />
    <file src="fonts/BebasNeue.otf" />
    <file src="fonts/CenturyGothicRegular.ttf" />
    <file src="fonts/CenturyGothicBold.ttf" />
    <file src="fonts/Roboto-Bold.ttf" />
    <file src="fonts/Roboto-Black.ttf" />
    <file src="fonts/Roboto-Regular.ttf" />
    <file src="fonts/Roboto-Light.ttf" />
    <file src="fonts/Roboto-Light-Italic.ttf" />
    <file src="fonts/SignPainter-HouseScript-Regular.ttf" />
    <file src="fonts/rutan-demibold.ttf" />
	
	<file src="images/logosecsystem.png" type="client" />
	<file src="images/other.png" type="client" />
	<file src="images/vehicles.png" type="client" />
	<file src="images/phone_icon.png" type="client" />
	<file src="images/mawgif.png" type="client" />
	<file src="images/members.png" type="client" />
	<file src="images/plus.png" type="client" />
	<file src="images/minus.png" type="client" />
	<file src="images/add.png" type="client" />
	<file src="images/kick.png" type="client" />
	<file src="images/leader.png" type="client" />
	<file src="images/vehicless.png" type="client" />
	<file src="images/duty.png" type="client" />
	<file src="images/editduty.png" type="client" />
	<file src="images/member.png" type="client" />
	<file src="images/home.png" type="client" />
	<file src="images/ranks.png" type="client" />
	<file src="images/online.png" type="client" />
	<file src="images/offline.png" type="client" />
	<file src="images/walkietalkie.png" type="client" />
	<file src="images/menu_car.png" type="client" />
	<file src="images/stat_users.png" type="client" />
	<file src="images/rank.png" type="client" />
	<file src="images/ann.png" type="client" />
	<file src="images/save.png" type="client" />
	<file src="images/crown.png" type="client" />
	<file src="images/finance.png" type="client" />
	<file src="images/description.png" type="client" />
	<file src="images/faclogo.png" type="client" />
	<file src="images/settings.png" type="client" />
	<file src="images/property.png" type="client" />
	<file src="images/bank.png" type="client" />
	<file src="images/coins.png" type="client" />
	<file src="images/money.png" type="client" />
	<file src="images/dashlogo.png" type="client" />
	<file src="images/bnklogo.png" type="client" />
	<file src="images/man.png" type="client" />
	<file src="images/underline.png" type="client" />
	<file src="images/glow.png" type="client" />
	<file src="images/gradient_transparent_bg.png" type="client" />
</meta>
